,0,1
0,pilot,4530
1,failur,3000
2,maintain,1688
3,control,1491
4,takeoff,563
5,result,1847
6,contact,50
7,ground,272
8,contribut,916
9,accid,1252
10,inadequ,931
11,preflight,269
12,plan,303
13,short,67
14,wet,32
15,soft,104
16,runway,496
17,select,141
18,unsuit,186
19,area,203
20,land,2088
21,factor,2061
22,relat,415
23,surfac,45
24,farm,2
25,strip,8
26,student,352
27,direct,647
28,roll,259
29,initi,181
30,go,174
31,around,168
32,misjudg,150
33,speed,104
34,altitud,437
35,obtain,74
36,proper,254
37,fli,116
38,abort,121
39,suffici,93
40,remain,24
41,inadvert,370
42,stall,407
43,airplan,904
44,visual,199
45,lookout,104
46,climb,208
47,maneuv,226
48,flight,1142
49,collis,385
50,subsequ,408
51,resid,6
52,terrain,882
53,loss,1322
54,engin,1177
55,power,1038
56,undetermin,448
57,reason,471
58,follow,208
59,checklist,52
60,verifi,27
61,gear,357
62,lock,56
63,wheel,55
64,mechan,94
65,ice,231
66,ingest,13
67,carburetor,191
68,air,53
69,box,15
70,forc,352
71,airport,108
72,unprepar,2
73,properli,91
74,interpret,1
75,confirm,5
76,faulti,6
77,tachomet,5
78,instrument,203
79,indic,31
80,improp,807
81,flare,219
82,ensu,11
83,precautionari,40
84,autorot,44
85,hard,164
86,causal,39
87,obstacl,60
88,clearanc,379
89,final,90
90,approach,317
91,dark,132
92,night,182
93,defect,10
94,distant,1
95,vision,5
96,bank,22
97,courier,1
98,oper,244
99,lack,489
100,guidanc,5
101,train,51
102,work,10
103,5,10
104,exhaust,281
105,valv,69
106,rocker,6
107,boss,3
108,stick,6
109,close,26
110,posit,103
111,includ,149
112,avail,59
113,drainag,3
114,ditch,78
115,instal,106
116,vacuum,12
117,pump,48
118,mainten,201
119,personnel,122
120,oil,115
121,none,4
122,suitabl,163
123,consult,3
124,perform,205
125,data,11
126,touchdown,122
127,point,92
128,overrun,38
129,excess,128
130,airspe,400
131,overweight,2
132,condit,1005
133,adequ,395
134,uncontrol,54
135,descent,137
136,distanc,60
137,vs,8
138,water,100
139,intend,18
140,rough,94
141,field,45
142,total,252
143,due,774
144,3,24
145,cylind,71
146,connect,45
147,rod,58
148,bear,29
149,fatigu,138
150,piston,23
151,pin,15
152,plug,21
153,grass,40
154,adjac,15
155,collaps,80
156,main,160
157,inabl,69
158,time,76
159,manner,12
160,excurs,24
161,encount,199
162,rare,1
163,unforecast,4
164,mesoscal,1
165,graviti,3
166,wave,7
167,base,11
168,leg,12
169,sudden,20
170,tree,278
171,inspect,158
172,fuel,952
173,system,243
174,cruis,93
175,contamin,96
176,compens,249
177,wind,445
178,veget,20
179,nose,148
180,tailwind,117
181,appli,19
182,continu,135
183,brake,142
184,pressur,57
185,sun,10
186,glare,11
187,command,241
188,drift,4
189,aircraft,589
190,side,23
191,collid,31
192,pond,1
193,use,242
194,steer,8
195,respons,15
196,tca,5
197,alert,5
198,seriou,10
199,injuri,14
200,attend,12
201,applic,62
202,heel,1
203,associ,135
204,experi,190
205,make,74
206,model,37
207,releas,12
208,seat,22
209,adjust,27
210,slide,5
211,back,21
212,light,113
213,dynam,14
214,rollov,17
215,crew,63
216,flightpath,1
217,angl,16
218,stabil,23
219,criteria,7
220,leav,6
221,safe,16
222,option,2
223,glidepath,16
224,decis,396
225,execut,54
226,supercharg,4
227,shaft,35
228,align,55
229,run,34
230,captain,37
231,placement,4
232,lever,13
233,beta,1
234,inflight,89
235,fog,48
236,dusk,19
237,cyclic,14
238,relinquish,4
239,supervis,110
240,instructor,235
241,separ,134
242,wing,76
243,vertic,8
244,rudder,45
245,known,112
246,advers,114
247,weather,305
248,exist,49
249,spin,64
250,crosswind,274
251,load,43
252,agricultur,10
253,product,1
254,exceed,80
255,critic,11
256,attack,9
257,experienc,15
258,aerodynam,59
259,inaccur,18
260,consumpt,39
261,calcul,43
262,physiolog,4
263,incapacit,16
264,cardiovascular,4
265,diseas,4
266,crankshaft,33
267,propel,87
268,gusti,113
269,restrict,24
270,aileron,30
271,movement,17
272,mush,58
273,compani,60
274,crm,1
275,manual,25
276,procedur,194
277,brief,35
278,divert,61
279,attent,59
280,toward,12
281,rise,33
282,capabl,34
283,variabl,18
284,downwind,31
285,turn,73
286,loop,51
287,manag,60
288,vehicl,21
289,citi,1
290,street,1
291,left,120
292,seizur,9
293,magneto,25
294,design,58
295,stress,20
296,limit,56
297,repair,20
298,station,6
299,top,8
300,overhaul,30
301,compli,30
302,servic,51
303,bulletin,14
304,attain,94
305,delay,191
306,vfr,74
307,meteorolog,109
308,mountain,111
309,minimum,32
310,low,248
311,allow,92
312,recoveri,105
313,activ,30
314,auxiliari,6
315,right,139
316,check,32
317,bird,28
318,gees,2
319,build,11
320,starvat,155
321,elev,52
322,camera,3
323,place,13
324,pocket,1
325,impact,98
326,refuel,65
327,uneven,68
328,high,217
329,densiti,85
330,bounc,111
331,tail,102
332,rotor,154
333,effect,36
334,hover,28
335,accur,6
336,fail,151
337,provid,43
338,reserv,4
339,destin,12
340,even,2
341,though,1
342,awar,14
343,state,9
344,submit,1
345,line,159
346,could,61
347,postaccid,30
348,examin,36
349,reveal,22
350,anomali,24
351,would,41
352,preclud,30
353,normal,37
354,taxi,105
355,unfavor,41
356,site,35
357,culvert,3
358,possibl,20
359,physic,7
360,impair,53
361,b,9
362,nut,13
363,fit,28
364,leak,45
365,explos,3
366,path,36
367,emerg,127
368,asleep,2
369,rel,5
370,long,20
371,sinc,1
372,awaken,1
373,task,7
374,environ,12
375,overload,28
376,outboard,13
377,section,12
378,crop,20
379,identifi,30
380,unsaf,7
381,hazard,13
382,attempt,183
383,rule,6
384,spatial,67
385,disorient,65
386,undershoot,13
387,remedi,109
388,action,135
389,rate,90
390,passeng,43
391,assum,2
392,lose,9
393,partial,134
394,panel,3
395,inop,27
396,attitud,14
397,fals,6
398,sensor,6
399,fenc,58
400,turbin,29
401,disconnect,26
402,leaf,1
403,spring,10
404,midair,11
405,wrong,26
406,beyond,14
407,departur,52
408,retract,45
409,skid,13
410,delamin,2
411,hand,10
412,carv,1
413,wooden,4
414,ceil,50
415,heavi,13
416,rain,18
417,taxiway,19
418,post,12
419,sunglar,10
420,hinder,1
421,abil,36
422,see,65
423,selector,50
424,prior,88
425,start,31
426,depart,33
427,unlight,4
428,refer,11
429,obstruct,60
430,breakup,5
431,imc,48
432,evalu,43
433,consist,6
434,stand,17
435,lenticular,1
436,cloud,36
437,maximum,23
438,gross,27
439,weight,67
440,report,28
441,dust,7
442,reduc,43
443,visibl,30
444,threshold,5
445,hilli,21
446,cabl,68
447,aft,20
448,fairlead,1
449,wear,8
450,certifi,23
451,prepar,64
452,switch,22
453,tank,61
454,feather,14
455,recommend,20
456,mist,7
457,observ,12
458,seiz,7
459,manufactur,81
460,requir,48
461,100,5
462,hour,8
463,ensur,63
464,hydraul,46
465,secur,36
466,fire,51
467,drive,44
468,accessori,5
469,induc,43
470,caus,90
471,machin,3
472,fillet,2
473,radiu,4
474,origin,17
475,purg,1
476,conduct,32
477,recent,49
478,annual,22
479,replac,13
480,deterior,20
481,cap,18
482,ring,14
483,avoid,106
484,erron,9
485,readout,1
486,cessna,30
487,encod,1
488,unknown,47
489,helicopt,109
490,practic,13
491,strong,23
492,tidal,1
493,current,6
494,unabl,4
495,powerlin,10
496,border,4
497,fast,2
498,take,15
499,gust,122
500,defici,37
501,reduct,13
502,determin,61
503,damag,55
504,destruct,2
505,compon,30
506,return,18
507,despit,3
508,unpopul,1
509,flat,11
510,immedi,11
511,ahead,8
512,problem,14
513,sling,5
514,trailer,4
515,safeti,14
516,board,12
517,probabl,13
518,issu,21
519,open,35
520,public,2
521,docket,3
522,terrorist,1
523,septemb,1
524,11,4
525,2001,1
526,jurisdict,1
527,feder,15
528,bureau,1
529,investig,6
530,request,5
531,technic,1
532,assist,12
533,fbi,2
534,materi,17
535,gener,5
536,ntsb,5
537,airstreip,1
538,proxim,27
539,porpois,14
540,oscil,7
541,object,26
542,dual,40
543,commun,22
544,downdraft,62
545,sustain,6
546,hit,4
547,clear,36
548,rotat,16
549,compress,7
550,strike,25
551,balanc,25
552,fall,8
553,ramp,8
554,interrupt,7
555,flow,16
556,misrout,2
557,vent,11
558,innacur,1
559,consupt,1
560,number,47
561,two,36
562,n77ti,1
563,race,5
564,three,10
565,n20c,1
566,deceler,1
567,blind,4
568,spot,6
569,consid,12
570,manifold,7
571,collector,2
572,poor,61
573,judgement,18
574,elect,10
575,anoth,22
576,smoke,8
577,cockpit,21
578,touch,26
579,unmark,4
580,degrad,9
581,unauthor,4
582,modif,8
583,increas,8
584,capac,1
585,flap,71
586,support,12
587,cover,47
588,snow,81
589,entri,16
590,crash,3
591,ocean,8
592,electr,65
593,master,6
594,relay,2
595,fuse,4
596,builder,20
597,output,7
598,altern,29
599,cement,1
600,wall,6
601,counteract,2
602,cross,32
603,render,6
604,success,7
605,improperli,36
606,canopi,10
607,latch,11
608,liftoff,18
609,extens,43
610,aerial,25
611,1,34
612,incorrect,30
613,led,80
614,2,36
615,boe,7
616,737,3
617,ascertain,2
618,inform,37
619,regard,12
620,instruct,34
621,deactiv,5
622,thrust,16
623,revers,25
624,asymmetr,4
625,deplet,3
626,inboard,6
627,accumul,19
628,pedal,16
629,slow,7
630,without,21
631,travel,3
632,higher,7
633,4,11
634,overtravel,2
635,unport,4
636,fluid,14
637,illustr,1
638,part,17
639,catalog,1
640,troubleshoot,5
641,appropri,8
642,document,2
643,pitch,30
644,linkag,11
645,letter,4
646,blockag,17
647,mud,3
648,wasp,1
649,nest,3
650,lean,6
651,mixtur,29
652,entangl,13
653,crewmemeb,1
654,helmet,2
655,cord,6
656,structur,18
657,ascent,1
658,crewmemb,6
659,level,38
660,appl,1
661,diminish,8
662,flock,2
663,mani,1
664,parachutist,5
665,hung,1
666,outsid,9
667,fractur,44
668,tow,23
669,bar,10
670,weld,7
671,person,27
672,errat,3
673,pitot,13
674,static,11
675,correct,39
676,aerobat,35
677,prohibit,2
678,spar,10
679,scraper,1
680,unlock,4
681,anim,4
682,later,12
683,rollout,33
684,natur,9
685,chosen,1
686,shower,5
687,drizzl,2
688,along,17
689,rout,26
690,relianc,3
691,gaug,10
692,read,4
693,home,3
694,deflat,5
695,retain,8
696,sprag,1
697,clutch,6
698,parachut,13
699,disregard,21
700,bind,13
701,moistur,5
702,extend,45
703,period,3
704,rust,3
705,corros,32
706,keep,3
707,step,5
708,becom,36
709,airborn,6
710,lost,30
711,depth,2
712,percept,8
713,float,17
714,glassi,3
715,transmiss,42
716,wire,92
717,judgment,20
718,alcohol,25
719,involv,8
720,rais,13
721,complet,45
722,eros,3
723,electrod,1
724,six,2
725,twelv,1
726,spark,8
727,colder,1
728,heat,73
729,rang,3
730,specifi,6
731,upslop,6
732,gradient,1
733,free,8
734,lift,29
735,wrap,3
736,thread,5
737,prevent,30
738,head,12
739,halv,2
740,assembl,65
741,lead,30
742,propag,3
743,ultim,7
744,foreign,11
745,compressor,18
746,swampi,3
747,windshear,14
748,prematur,41
749,berm,13
750,glider,31
751,attach,29
752,occur,12
753,weed,1
754,leve,3
755,dirt,19
756,primer,2
757,assur,36
758,remov,29
759,frost,10
760,background,1
761,hire,3
762,mgmt,2
763,driven,6
764,suppli,69
765,conduc,22
766,format,11
767,freez,6
768,temperatur,18
769,pre,18
770,cabin,15
771,reas0n,1
772,privat,17
773,cfi,66
774,pole,17
775,modifi,6
776,august,2
777,18,2
778,2015,1
779,pleas,1
780,view,5
781,supplement,7
782,circuit,12
783,vibrat,5
784,abras,1
785,protect,6
786,chafe,6
787,onboard,12
788,faa,23
789,mean,1
790,suppress,1
791,conspicu,3
792,across,4
793,late,4
794,evas,7
795,understand,9
796,present,5
797,windsock,3
798,addit,35
799,lte,2
800,upon,12
801,forward,23
802,dug,1
803,amphibian,1
804,ravin,6
805,insuffici,35
806,traffic,57
807,complac,4
808,quarter,17
809,sever,34
810,event,13
811,descend,19
812,embank,16
813,deploy,11
814,grappl,1
815,hook,2
816,banner,14
817,pick,5
818,drop,5
819,move,9
820,jam,19
821,quantiti,17
822,gravel,7
823,stop,21
824,rich,5
825,begin,3
826,pattern,19
827,quit,3
828,set,42
829,flex,3
830,cone,1
831,rock,5
832,lodg,4
833,throttl,28
834,blade,42
835,pipe,3
836,hub,9
837,accord,6
838,statement,3
839,dip,2
840,drag,8
841,swerv,33
842,onto,15
843,tire,19
844,blew,1
845,came,6
846,well,3
847,tip,8
848,respond,7
849,inquiri,1
850,undertorqu,5
851,damper,3
852,intent,66
853,park,34
854,survey,2
855,camshaft,5
856,prop,5
857,translat,1
858,cowl,10
859,intermitt,6
860,previou,6
861,resolv,1
862,malfunct,31
863,earlier,3
864,incomplet,5
865,address,3
866,anomal,1
867,burn,2
868,drug,9
869,10,5
870,knot,5
871,crowd,1
872,overh,2
873,far,3
874,deton,4
875,overtemperatur,3
876,becam,23
877,distract,19
878,chang,18
879,routin,2
880,rib,3
881,situat,15
882,behalf,1
883,rpm,59
884,near,18
885,substanti,16
886,find,10
887,four,4
888,fill,2
889,accomplish,5
890,counterweight,5
891,screw,9
892,residenti,2
893,secondari,8
894,reel,1
895,full,27
896,owner,34
897,represent,1
898,airfram,26
899,36,1
900,signific,3
901,yell,1
902,miss,28
903,cue,7
904,distinct,2
905,height,6
906,instead,6
907,local,28
908,glideslop,2
909,first,26
910,offic,16
911,affect,6
912,monitor,19
913,shuttl,1
914,america,1
915,administ,1
916,polici,3
917,permit,8
918,call,1
919,fear,1
920,repris,1
921,unreli,2
922,gage,4
923,tall,13
924,climbout,5
925,noseov,2
926,lower,13
927,effici,4
928,undocu,2
929,crack,40
930,simul,15
931,beverag,2
932,cart,3
933,toppl,1
934,foot,4
935,intern,16
936,within,14
937,cell,5
938,unit,23
939,apu,4
940,lithium,1
941,ion,1
942,batteri,10
943,thermal,8
944,runaway,3
945,cascad,1
946,incid,28
947,incorpor,1
948,mitig,2
949,aviat,12
950,administr,9
951,type,39
952,certif,31
953,process,9
954,inappropri,6
955,torqu,31
956,tube,26
957,bracket,6
958,pivot,3
959,sign,30
960,unwarr,1
961,ignit,27
962,turbul,66
963,airstart,1
964,thunderstorm,21
965,lightn,3
966,wood,7
967,canyon,15
968,turf,3
969,unairworthi,3
970,uncertif,2
971,cooler,3
972,rig,7
973,bellcrank,4
974,pavement,2
975,tailwheel,19
976,guid,6
977,settl,14
978,unavail,8
979,develop,8
980,intak,8
981,essenti,1
982,equip,36
983,amount,8
984,dens,1
985,forest,3
986,driver,18
987,divis,1
988,publish,15
989,undertermin,4
990,downhil,3
991,recov,32
992,gascol,7
993,experiment,5
994,fk1,1
995,cfit,1
996,nighttim,6
997,warn,22
998,discrep,6
999,bolt,42
1000,actuat,22
1001,hous,7
1002,evid,5
1003,earth,1
1004,shear,9
1005,hot,4
1006,quick,1
1007,misalign,4
1008,washer,2
1009,fray,3
1010,hose,11
1011,either,8
1012,elderli,1
1013,smooth,1
1014,rockwel,1
1015,690,1
1016,n707bp,1
1017,piper,10
1018,28r,1
1019,n33056,1
1020,contain,6
1021,airman,3
1022,tower,42
1023,arriv,9
1024,radar,9
1025,advis,5
1026,facil,13
1027,staf,1
1028,pinch,1
1029,featur,3
1030,loos,24
1031,margin,10
1032,cours,13
1033,broadcast,2
1034,trap,1
1035,horn,5
1036,get,10
1037,trepid,1
1038,prevail,18
1039,inject,6
1040,reach,7
1041,presenc,24
1042,overconfid,18
1043,turnbuckl,4
1044,regim,2
1045,piec,3
1046,machineri,1
1047,crankcas,9
1048,buckl,3
1049,skin,1
1050,fuselag,8
1051,regain,11
1052,snowbank,5
1053,transport,6
1054,expereinc,5
1055,forget,2
1056,advisori,20
1057,supervisor,6
1058,recogn,10
1059,workload,5
1060,configur,19
1061,countri,7
1062,ferri,2
1063,deer,24
1064,chemic,6
1065,windshield,16
1066,desir,1
1067,zone,6
1068,p,6
1069,undetect,8
1070,corrod,4
1071,stone,2
1072,scaveng,1
1073,shield,2
1074,look,8
1075,hole,10
1076,rebuild,3
1077,five,3
1078,pickup,5
1079,rope,7
1080,ldg,1
1081,concret,1
1082,airstrip,31
1083,collect,13
1084,rest,1
1085,sleep,6
1086,hillsid,2
1087,coordin,15
1088,push,10
1089,length,12
1090,lake,9
1091,necessit,3
1092,steep,10
1093,acceler,15
1094,necessari,8
1095,standard,16
1096,class,4
1097,airspac,4
1098,header,1
1099,block,19
1100,demonstr,6
1101,ici,10
1102,convect,9
1103,deviat,4
1104,primari,5
1105,buildup,3
1106,mask,1
1107,termin,6
1108,gate,5
1109,util,18
1110,outdat,2
1111,therebi,2
1112,taxilan,1
1113,nonstandard,3
1114,marshal,6
1115,signal,2
1116,accordingli,1
1117,misinterpret,3
1118,locat,18
1119,wake,16
1120,larger,1
1121,preced,2
1122,gyroplan,4
1123,went,1
1124,reson,3
1125,worn,10
1126,simultan,4
1127,truck,13
1128,upper,7
1129,sandi,2
1130,trunnion,2
1131,edg,14
1132,bore,2
1133,intergranular,4
1134,eventu,3
1135,ductil,2
1136,invert,4
1137,immers,1
1138,receiv,10
1139,ifr,19
1140,handler,2
1141,slush,8
1142,link,9
1143,alittud,1
1144,confid,7
1145,qualiti,8
1146,fasten,2
1147,adhes,2
1148,debond,4
1149,cocain,3
1150,sequenc,11
1151,inaccuraci,2
1152,substanc,1
1153,deform,2
1154,plate,7
1155,glide,27
1156,vicin,4
1157,loosen,5
1158,clamp,7
1159,pack,2
1160,detect,27
1161,surround,6
1162,ga,4
1163,leakag,2
1164,inlet,8
1165,hangar,9
1166,strut,13
1167,commut,1
1168,carrier,1
1169,hidden,9
1170,unqualifi,3
1171,last,4
1172,accident,1
1173,discharg,3
1174,spear,1
1175,gun,1
1176,momentarili,1
1177,second,8
1178,self,11
1179,brother,1
1180,graduat,1
1181,day,3
1182,commerci,7
1183,shortli,6
1184,profil,3
1185,appar,2
1186,disagr,1
1187,tie,6
1188,incur,4
1189,shoulder,2
1190,har,8
1191,attribut,2
1192,degre,10
1193,basic,1
1194,gyro,4
1195,comput,5
1196,coupl,15
1197,previous,4
1198,anti,12
1199,proactiv,1
1200,stanc,1
1201,agreement,1
1202,inadequaci,1
1203,regul,7
1204,given,5
1205,brace,3
1206,empti,5
1207,pushpul,1
1208,bundl,2
1209,vmc,9
1210,bowl,2
1211,screen,7
1212,concern,10
1213,rv,4
1214,6a,1
1215,inher,1
1216,arm,9
1217,away,4
1218,snag,6
1219,overdu,5
1220,big,1
1221,game,2
1222,idl,9
1223,disabl,7
1224,disturb,1
1225,creat,8
1226,hijack,1
1227,forcibl,1
1228,cuba,1
1229,windshift,6
1230,handbook,6
1231,astm,1
1232,consensu,1
1233,contract,2
1234,complianc,12
1235,correctli,10
1236,mount,8
1237,adher,8
1238,suggest,2
1239,schedul,1
1240,aveng,2
1241,indequ,2
1242,6,4
1243,inattent,11
1244,ajar,1
1245,habit,2
1246,shallow,1
1247,undermin,1
1248,perimet,6
1249,irrig,6
1250,burner,3
1251,balloon,18
1252,envelop,9
1253,fatal,2
1254,stowaway,1
1255,asphyxia,1
1256,hypothermia,1
1257,root,1
1258,struck,11
1259,singl,16
1260,displac,2
1261,interfer,9
1262,approv,10
1263,order,6
1264,14,4
1265,cfr,2
1266,135,1
1267,fulli,12
1268,retard,4
1269,reject,6
1270,illumin,5
1271,rebound,1
1272,still,3
1273,servo,12
1274,debri,7
1275,automot,4
1276,amateur,3
1277,built,4
1278,overboard,2
1279,identif,3
1280,starter,4
1281,adapt,8
1282,unintent,6
1283,ambient,5
1284,grow,2
1285,grassi,4
1286,exercis,3
1287,handl,21
1288,shift,14
1289,behind,6
1290,larg,3
1291,militari,1
1292,turbo,1
1293,knew,2
1294,may,6
1295,test,8
1296,insur,8
1297,pass,13
1298,thu,4
1299,propwash,1
1300,life,1
1301,compart,14
1302,injector,5
1303,influenc,6
1304,disori,26
1305,way,3
1306,560,1
1307,feet,6
1308,unexpect,5
1309,past,3
1310,glass,3
1311,willow,1
1312,connector,3
1313,pile,1
1314,made,11
1315,blown,2
1316,fuze,1
1317,formal,2
1318,mission,4
1319,autopilot,7
1320,categori,3
1321,phase,6
1322,balk,1
1323,corn,6
1324,forecast,17
1325,abl,5
1326,sappl,1
1327,transmitt,2
1328,progress,2
1329,cognit,2
1330,declin,1
1331,alzheim,1
1332,outclimb,1
1333,closur,2
1334,apprehens,3
1335,moor,2
1336,plane,5
1337,precipit,8
1338,transfer,11
1339,among,4
1340,cab,4
1341,teb,2
1342,intersect,4
1343,prudent,1
1344,assess,1
1345,clearway,1
1346,shelf,1
1347,electron,5
1348,fault,2
1349,uncommand,7
1350,chart,5
1351,twa,1
1352,program,6
1353,repetit,2
1354,aar,3
1355,93,2
1356,04,1
1357,postcrash,1
1358,c321capacitor,1
1359,ecu,2
1360,15v,1
1361,disengag,8
1362,revert,1
1363,hydro,1
1364,hmu,2
1365,automat,3
1366,mode,4
1367,encounterwith,1
1368,microburst,3
1369,clip,4
1370,catch,1
1371,grade,3
1372,realat,1
1373,eman,2
1374,pit,3
1375,input,16
1376,analyz,2
1377,nearest,2
1378,impel,7
1379,jettison,11
1380,slope,10
1381,multipl,3
1382,extern,18
1383,shock,6
1384,incorrectli,2
1385,besid,6
1386,cater,2
1387,depress,3
1388,powerpl,7
1389,strobe,1
1390,plastic,2
1391,sport,2
1392,obscur,16
1393,horizon,1
1394,n777un,1
1395,exit,10
1396,abrupt,14
1397,perceiv,3
1398,conflict,5
1399,enter,14
1400,deep,2
1401,alongsid,3
1402,instuctor,1
1403,muddi,9
1404,anemomet,1
1405,burnt,2
1406,embed,2
1407,intens,4
1408,extrem,2
1409,overstress,15
1410,trim,41
1411,tab,11
1412,nonpilot,1
1413,shut,7
1414,ptu,1
1415,bodi,3
1416,slight,2
1417,mast,1
1418,n693sb,1
1419,beech,7
1420,34,1
1421,squadron,1
1422,45,1
1423,30,2
1424,newli,5
1425,acquir,1
1426,error,3
1427,tiwh,1
1428,compromis,1
1429,spiral,6
1430,pretakeoff,4
1431,narrow,5
1432,counter,2
1433,sedat,3
1434,antihistamin,4
1435,bulkhead,5
1436,ridg,4
1437,windi,2
1438,pushrod,1
1439,deflect,3
1440,opposit,3
1441,worm,1
1442,gearbox,13
1443,reliabl,1
1444,foul,4
1445,arc,4
1446,distributor,1
1447,familiar,30
1448,blow,3
1449,rocki,3
1450,techniqu,6
1451,puddl,3
1452,frozen,5
1453,buzz,13
1454,unstabil,2
1455,birdstrik,1
1456,rear,7
1457,got,1
1458,pinion,1
1459,swath,3
1460,proceed,6
1461,recondit,2
1462,marker,2
1463,porcedur,1
1464,whirlwind,2
1465,bogu,2
1466,manuev,8
1467,shortag,1
1468,disqualifi,1
1469,medic,9
1470,diagram,1
1471,mismang,2
1472,usabl,2
1473,railroad,3
1474,spur,1
1475,alter,1
1476,filter,18
1477,fiber,1
1478,residu,1
1479,temporari,3
1480,probe,3
1481,like,7
1482,crystal,10
1483,aloft,1
1484,autom,1
1485,thale,1
1486,aa,1
1487,suscept,1
1488,belt,9
1489,radio,16
1490,mark,13
1491,unsuccess,4
1492,strength,1
1493,gopher,1
1494,mound,6
1495,thick,1
1496,articul,1
1497,cargo,8
1498,pallet,2
1499,combustor,2
1500,drain,12
1501,rtv,1
1502,suspect,6
1503,shutdown,5
1504,erod,1
1505,vane,3
1506,nozzl,11
1507,filler,5
1508,onset,3
1509,hear,2
1510,amplif,1
1511,noninstru,3
1512,mda,5
1513,parallel,1
1514,wingtip,4
1515,histori,2
1516,shutoff,2
1517,unsecur,3
1518,contribuit,2
1519,sand,4
1520,retractor,1
1521,portion,9
1522,groundloop,1
1523,50,2
1524,percent,1
1525,cannon,2
1526,sealant,1
1527,joint,3
1528,seal,11
1529,favor,6
1530,realiz,2
1531,motor,8
1532,airworthi,9
1533,convert,3
1534,gasket,6
1535,plant,3
1536,stage,6
1537,least,1
1538,canada,1
1539,goos,1
1540,listen,1
1541,differ,1
1542,sight,5
1543,pictur,1
1544,recognit,1
1545,intervent,1
1546,custom,1
1547,recurr,3
1548,mt,1
1549,brought,1
1550,friction,2
1551,fbo,1
1552,form,3
1553,miscalcul,2
1554,hypoxia,4
1555,repeat,4
1556,000,2
1557,msl,1
1558,oxygen,8
1559,terrainth,1
1560,co,4
1561,quickli,2
1562,respect,2
1563,mismanag,10
1564,jet,9
1565,notifi,3
1566,potenti,5
1567,group,2
1568,barracad,1
1569,greas,1
1570,lubric,12
1571,abnorm,1
1572,angular,2
1573,hydrant,1
1574,platform,3
1575,pull,15
1576,produc,6
1577,spill,1
1578,decreas,3
1579,minim,1
1580,actual,5
1581,judg,2
1582,avert,1
1583,case,10
1584,relief,4
1585,desert,1
1586,question,1
1587,whether,3
1588,strung,1
1589,blowdown,1
1590,offset,1
1591,neutral,1
1592,tailboom,9
1593,next,2
1594,pave,2
1595,sink,8
1596,tug,15
1597,particl,1
1598,overgross,1
1599,frequenc,5
1600,pinnacl,3
1601,updraft,1
1602,preexist,1
1603,shimmi,2
1604,dampen,1
1605,hardwar,3
1606,imped,1
1607,resourc,2
1608,deic,9
1609,surveil,6
1610,chief,2
1611,marijuana,5
1612,extinguish,1
1613,relight,1
1614,pulley,4
1615,tension,5
1616,undergo,1
1617,plow,4
1618,sfo,2
1619,wingman,2
1620,belli,2
1621,discontinu,3
1622,misjud,1
1623,maintian,2
1624,vapor,3
1625,flt,2
1626,acft,2
1627,inflt,2
1628,scrape,1
1629,cotton,2
1630,insid,5
1631,telephon,2
1632,wait,2
1633,jump,4
1634,green,1
1635,decid,1
1636,jumper,2
1637,unsuitalb,1
1638,spall,2
1639,correspond,1
1640,tappet,1
1641,face,1
1642,purchas,1
1643,spoiler,9
1644,special,1
1645,review,3
1646,record,1
1647,laboratori,1
1648,magnaflux,1
1649,x,1
1650,ray,1
1651,unservic,2
1652,tag,2
1653,torsion,4
1654,fret,3
1655,pertain,3
1656,flightcrew,17
1657,aerolog,1
1658,fin,4
1659,fourth,1
1660,rivet,4
1661,hypertens,1
1662,arteriosclerot,1
1663,devil,4
1664,rut,2
1665,brush,6
1666,cardiac,3
1667,arrest,5
1668,heart,2
1669,list,2
1670,breaker,3
1671,road,22
1672,mile,5
1673,chronic,1
1674,sinu,1
1675,infect,1
1676,tundra,3
1677,qualifi,3
1678,instanc,1
1679,note,4
1680,tri,5
1681,messag,2
1682,boat,2
1683,guy,5
1684,restart,2
1685,disk,2
1686,tanker,1
1687,dispens,1
1688,reaction,2
1689,turbocharg,5
1690,technician,1
1691,pushback,6
1692,delta,1
1693,airlin,4
1694,signalman,1
1695,need,5
1696,airbu,3
1697,emb,2
1698,170,2
1699,pylon,2
1700,strap,4
1701,notam,3
1702,congest,4
1703,chaf,1
1704,ruptur,9
1705,nicopress,1
1706,sleev,2
1707,slip,5
1708,8,4
1709,overshot,1
1710,propos,1
1711,transduc,2
1712,stiff,4
1713,flutter,7
1714,locknut,1
1715,insert,1
1716,sometim,1
1717,untest,1
1718,major,6
1719,uniqu,1
1720,fulcrum,2
1721,fell,1
1722,deplan,2
1723,grumman,2
1724,hold,6
1725,rapid,6
1726,particularli,1
1727,sump,1
1728,construct,5
1729,die,1
1730,coronari,1
1731,belong,1
1732,waco,2
1733,convent,2
1734,radiat,1
1735,unexplain,2
1736,moonless,1
1737,illus,3
1738,atp,3
1739,halfway,1
1740,circl,4
1741,engag,10
1742,reinstal,3
1743,collar,1
1744,rearward,1
1745,bent,5
1746,directioin,1
1747,restor,2
1748,copilot,7
1749,altimet,4
1750,oversight,1
1751,poorli,6
1752,misunderstand,3
1753,tracon,3
1754,ati,2
1755,duti,6
1756,expect,3
1757,4l,1
1758,gyrocraft,1
1759,cycl,2
1760,combin,9
1761,fan,3
1762,contour,1
1763,surg,4
1764,amphibi,3
1765,seaplan,1
1766,planetari,2
1767,unapprov,2
1768,cg,4
1769,updat,2
1770,storag,2
1771,impuls,1
1772,idler,6
1773,teeth,2
1774,dowel,1
1775,briefcas,1
1776,store,1
1777,broken,6
1778,misrig,2
1779,enough,12
1780,prescrib,4
1781,interf,1
1782,tooth,2
1783,lanyard,1
1784,achiev,8
1785,marihuana,1
1786,clevi,4
1787,motion,1
1788,specif,7
1789,g,3
1790,164a,1
1791,usag,2
1792,wheat,3
1793,pill,1
1794,put,1
1795,absorb,1
1796,interior,1
1797,driveshaft,1
1798,vortex,1
1799,yaw,4
1800,impoperli,1
1801,overspe,3
1802,n101dt,2
1803,n6285m,1
1804,gyrocopt,4
1805,howev,1
1806,n89803,3
1807,n8660q,1
1808,front,7
1809,mid,2
1810,aid,2
1811,nonpertin,2
1812,convers,2
1813,author,7
1814,negoti,1
1815,bend,5
1816,induct,7
1817,handprop,1
1818,airmet,1
1819,enrout,2
1820,center,6
1821,depict,1
1822,navig,3
1823,baffl,4
1824,airflow,1
1825,industri,1
1826,compat,2
1827,35,1
1828,minut,2
1829,exposur,2
1830,020,1
1831,bucket,1
1832,auto,3
1833,atlant,3
1834,sent,1
1835,antenna,5
1836,geograph,7
1837,qualif,6
1838,needl,4
1839,occurr,1
1840,helicoil,2
1841,sparkplug,1
1842,log,3
1843,diaphragm,1
1844,veloc,4
1845,kitfox,3
1846,hazi,1
1847,outer,6
1848,overcast,1
1849,metal,3
1850,grand,1
1851,reposit,6
1852,expedit,1
1853,shoe,1
1854,calip,1
1855,airpe,1
1856,remot,4
1857,hump,1
1858,uus,1
1859,conting,1
1860,lineman,1
1861,trip,2
1862,cotter,1
1863,overcom,2
1864,found,3
1865,versu,1
1866,canard,1
1867,basket,4
1868,ultraviolet,1
1869,abrad,1
1870,fabric,2
1871,kit,3
1872,noncertif,6
1873,180,2
1874,currenc,2
1875,siphon,2
1876,palmer,1
1877,governor,14
1878,unanticip,2
1879,consequ,5
1880,rub,2
1881,dhc,1
1882,beaver,1
1883,meteorlog,1
1884,ostentati,5
1885,display,6
1886,crow,1
1887,suspend,3
1888,stockton,1
1889,art,1
1890,levi,1
1891,corpor,1
1892,conif,1
1893,28,3
1894,n943r,1
1895,150,5
1896,n63137,1
1897,uncorrect,2
1898,wedg,1
1899,floor,1
1900,transit,3
1901,supvr,1
1902,ctlr,1
1903,stay,2
1904,asa601,2
1905,n954a,1
1906,transpond,2
1907,mooney,1
1908,carbon,4
1909,monoxid,3
1910,flown,5
1911,chain,1
1912,reslut,1
1913,inexperi,6
1914,establish,9
1915,conscious,1
1916,alon,1
1917,arrhythmia,1
1918,inimprov,1
1919,skirt,2
1920,ball,1
1921,paramet,1
1922,absenc,4
1923,beach,1
1924,ontribut,1
1925,stem,2
1926,lug,2
1927,jack,1
1928,fullest,1
1929,flash,2
1930,bright,4
1931,90,3
1932,stud,2
1933,tailrotor,2
1934,brite,1
1935,haze,6
1936,toler,2
1937,earli,3
1938,clearnanc,1
1939,individu,1
1940,usual,1
1941,chock,1
1942,realt,1
1943,complic,1
1944,uncontain,1
1945,show,1
1946,subsurfac,1
1947,percipi,1
1948,definit,1
1949,recircul,1
1950,duct,5
1951,moder,3
1952,atc,6
1953,approxim,1
1954,lee,2
1955,revis,2
1956,31,1
1957,2007,2
1958,tailpip,4
1959,spline,4
1960,adaptor,1
1961,freewheel,1
1962,eal121,1
1963,eal,1
1964,121,1
1965,incap,1
1966,v35b,4
1967,window,3
1968,contrari,4
1969,antidepress,1
1970,compaens,1
1971,boom,3
1972,broke,1
1973,tiedown,1
1974,occup,5
1975,liferaft,2
1976,overwat,1
1977,misreport,1
1978,statu,3
1979,rescu,3
1980,stow,1
1981,24,3
1982,overcontrol,1
1983,cautionari,1
1984,segment,4
1985,focu,1
1986,helipad,3
1987,space,2
1988,starflex,1
1989,51,1
1990,172,7
1991,flew,5
1992,characterist,3
1993,faiiur,1
1994,tractor,5
1995,rider,1
1996,headset,2
1997,strain,1
1998,american,2
1999,dissemin,1
2000,outlook,4
2001,catostroph,1
2002,dimens,1
2003,shrink,1
2004,reassembl,1
2005,fork,3
2006,deposit,1
2007,unimprov,2
2008,mylar,1
2009,cornfield,1
2010,devic,1
2011,chemotherapi,1
2012,apch,1
2013,grip,1
2014,retent,4
2015,upwind,2
2016,hing,4
2017,imping,1
2018,imposs,3
2019,fact,3
2020,solo,5
2021,aeronca,3
2022,momentari,4
2023,baggag,3
2024,atmospher,5
2025,metallurg,1
2026,chamber,2
2027,flood,1
2028,heavili,2
2029,horizont,3
2030,confin,6
2031,rapidli,2
2032,dri,2
2033,prescript,5
2034,nordiazepam,1
2035,diazepam,1
2036,commenc,2
2037,river,2
2038,seek,1
2039,sagebrush,1
2040,roadway,8
2041,pneumat,2
2042,pc,1
2043,spool,1
2044,positon,1
2045,b737,1
2046,700,1
2047,800,1
2048,2nd,1
2049,vernier,1
2050,compati,1
2051,plumb,1
2052,journal,1
2053,sourc,3
2054,submerg,2
2055,briefer,1
2056,yield,2
2057,less,2
2058,fix,1
2059,whiteout,6
2060,sunlight,3
2061,wreckag,2
2062,consum,1
2063,prioriti,1
2064,downwash,2
2065,overfli,1
2066,intermedi,1
2067,bush,6
2068,fair,1
2069,stc,3
2070,hell,1
2071,solenoid,1
2072,cessat,1
2073,searchlight,1
2074,inclement,1
2075,figur,2
2076,nav,1
2077,comm,1
2078,standpip,1
2079,psru,2
2080,winch,5
2081,launch,1
2082,exterior,2
2083,pad,2
2084,search,3
2085,combust,4
2086,tropic,1
2087,storm,1
2088,swell,1
2089,catastroph,6
2090,nearbi,6
2091,outlet,3
2092,examine,1
2093,account,2
2094,food,1
2095,poison,2
2096,identtifi,1
2097,backfir,2
2098,gryocopt,1
2099,2005,1
2100,n4903f,1
2101,n759xa,1
2102,182,5
2103,snap,2
2104,antiskid,2
2105,vendor,2
2106,entir,1
2107,unclear,2
2108,pertin,1
2109,overtak,2
2110,artcc,3
2111,21,1
2112,bleed,1
2113,irregular,1
2114,failu,2
2115,tarp,3
2116,trash,1
2117,scan,2
2118,notic,4
2119,jb,1
2120,junction,1
2121,insul,1
2122,blanket,1
2123,flexibl,1
2124,disarm,1
2125,aeronaut,1
2126,disintegr,1
2127,fom,1
2128,aluminum,2
2129,unprofession,1
2130,behavior,1
2131,nonadher,1
2132,steril,1
2133,reconfigur,1
2134,misconfigur,1
2135,13,3
2136,disciplin,2
2137,surviv,2
2138,postland,1
2139,nearli,1
2140,forklift,1
2141,scrub,1
2142,pine,1
2143,torgu,1
2144,19,1
2145,yearli,1
2146,65,1
2147,guidelin,1
2148,north,1
2149,carolina,1
2150,unfamiliar,3
2151,overprim,1
2152,stuck,4
2153,emergeci,1
2154,venturi,1
2155,popul,1
2156,nonaerobat,1
2157,sleet,1
2158,freeli,1
2159,play,1
2160,laps,1
2161,difficult,1
2162,russian,1
2163,partner,1
2164,nation,3
2165,haitian,1
2166,civil,1
2167,knowingli,1
2168,reli,2
2169,ran,1
2170,snubber,2
2171,spray,5
2172,firewal,5
2173,migrat,1
2174,squall,1
2175,fluctuat,3
2176,seri,1
2177,ear,1
2178,overal,3
2179,vasi,2
2180,buffet,2
2181,boundari,3
2182,gpw,2
2183,escap,1
2184,prompt,1
2185,intact,1
2186,factorth,1
2187,aircrew,2
2188,aggress,3
2189,saddl,3
2190,small,4
2191,n230mp,1
2192,occupi,1
2193,suicid,3
2194,hopper,1
2195,lid,1
2196,prospect,2
2197,furrow,4
2198,island,2
2199,cliff,1
2200,red,2
2201,pre659,1
2202,psycholog,4
2203,condtion,2
2204,patch,2
2205,began,1
2206,tighten,2
2207,fm,1
2208,vref,2
2209,key,1
2210,herd,1
2211,circumst,1
2212,n333tq,1
2213,veer,3
2214,picker,1
2215,outflow,2
2216,evironment,1
2217,depressur,1
2218,inner,2
2219,dive,3
2220,impos,1
2221,silicon,1
2222,panic,1
2223,haul,1
2224,duck,1
2225,boost,9
2226,overli,1
2227,trauma,1
2228,ankl,1
2229,evacu,1
2230,ruway,1
2231,grant,1
2232,139,2
2233,rsa,2
2234,meet,1
2235,acknowledg,1
2236,finger,1
2237,goggl,1
2238,highway,4
2239,knowledg,2
2240,mistrim,1
2241,circuitri,1
2242,clearli,1
2243,easterli,1
2244,25,1
2245,marin,1
2246,bdl,1
2247,furnish,1
2248,ask,2
2249,96,2
2250,05,1
2251,adopt,1
2252,half,1
2253,straight,2
2254,gp,1
2255,explor,1
2256,yoke,5
2257,cheroke,1
2258,factori,2
2259,school,1
2260,challeng,1
2261,inadequat,1
2262,ie,1
2263,waterway,1
2264,fashion,1
2265,thickli,1
2266,dispatch,2
2267,charg,1
2268,pool,1
2269,cac,2
2270,bilg,2
2271,northwest,1
2272,via,1
2273,decompress,1
2274,axl,2
2275,7,1
2276,clog,1
2277,downlock,1
2278,swage,1
2279,meteorologioc,1
2280,occas,2
2281,clean,1
2282,strainer,2
2283,sodium,1
2284,overs,1
2285,mix,1
2286,slurri,1
2287,wristpin,1
2288,charli,1
2289,band,2
2290,dump,2
2291,acut,1
2292,ineffect,1
2293,member,3
2294,sumwalt,1
2295,file,1
2296,concur,1
2297,weener,1
2298,join,1
2299,overheat,3
2300,squat,1
2301,passag,1
2302,blower,1
2303,subseq,1
2304,burst,1
2305,copper,1
2306,ferrul,1
2307,automobil,1
2308,evidenc,1
2309,stoppag,3
2310,upset,2
2311,mous,1
2312,gorund,1
2313,portabl,1
2314,stairway,1
2315,kill,2
2316,v1,1
2317,capacitor,1
2318,melt,1
2319,column,1
2320,guard,1
2321,minima,1
2322,issuanc,1
2323,controlpilot,1
2324,unrecover,3
2325,measur,1
2326,slat,6
2327,dougla,1
2328,easili,2
2329,dislodg,1
2330,ret,1
2331,longitudin,1
2332,md,2
2333,violent,1
2334,violenc,1
2335,restraint,2
2336,treat,1
2337,ad,3
2338,trail,1
2339,rebalanc,1
2340,bring,1
2341,towlin,1
2342,diverg,2
2343,tailcon,1
2344,reset,1
2345,durat,1
2346,clarifi,2
2347,confus,2
2348,aural,2
2349,flaperon,2
2350,500,3
2351,valium,1
2352,toxicolog,1
2353,univers,1
2354,britten,1
2355,norman,1
2356,n663vl,1
2357,barrel,3
2358,radiant,1
2359,foggi,1
2360,pa24,2
2361,pa28,2
2362,accret,3
2363,flameout,3
2364,windscreen,3
2365,scissor,1
2366,shop,1
2367,viewabl,1
2368,shore,1
2369,better,1
2370,inspector,3
2371,beyong,1
2372,bim,1
2373,misread,2
2374,consider,1
2375,foam,1
2376,throat,1
2377,stolen,1
2378,counterbal,1
2379,slid,1
2380,twin,1
2381,747,1
2382,core,3
2383,agent,2
2384,tailstand,1
2385,tilt,1
2386,backward,1
2387,stood,1
2388,gain,2
2389,warm,1
2390,trigger,1
2391,autofeath,1
2392,unfeath,1
2393,360,1
2394,directli,1
2395,act,1
2396,bypass,1
2397,proscrib,1
2398,access,4
2399,encroach,1
2400,windmil,2
2401,particul,2
2402,detail,1
2403,froze,2
2404,limber,1
2405,cannot,1
2406,tool,1
2407,instabl,1
2408,bottom,2
2409,mobil,1
2410,temperaturesth,1
2411,conditin,1
2412,accept,1
2413,risk,1
2414,reportedli,1
2415,done,2
2416,patrol,1
2417,end,1
2418,stree,1
2419,phenomena,1
2420,draft,2
2421,nd,1
2422,centerlin,1
2423,bean,1
2424,uphil,2
2425,never,1
2426,ladder,1
2427,peripheri,1
2428,weaken,1
2429,757,1
2430,snowi,1
2431,enabl,1
2432,recenc,1
2433,27,2
2434,40,1
2435,refil,1
2436,421b,1
2437,n450su,1
2438,152,2
2439,n94532,1
2440,headwind,2
2441,imbal,1
2442,abbrevi,1
2443,ungroov,1
2444,downslop,1
2445,neither,1
2446,neg,2
2447,stream,2
2448,entrap,1
2449,born,1
2450,stationari,2
2451,offshor,1
2452,implus,1
2453,mlg,2
2454,uplock,2
2455,ilumin,1
2456,penetr,1
2457,fragment,1
2458,punctur,1
2459,undercowl,1
2460,prefer,1
2461,code,1
2462,33,2
2463,75,2
2464,heavier,1
2465,inexperienc,2
2466,incom,1
2467,pitt,2
2468,n51st,1
2469,114b,1
2470,n194a,1
2471,feed,1
2472,breach,1
2473,supernumerari,1
2474,spread,1
2475,nonconduct,1
2476,throughout,1
2477,adiz,1
2478,supervison,1
2479,protrud,1
2480,receptacl,1
2481,fed,1
2482,exact,2
2483,poh,3
2484,misidentif,1
2485,berri,1
2486,aneurysm,1
2487,fcu,1
2488,bellow,1
2489,overrid,1
2490,mor,1
2491,meteorologi,1
2492,senior,1
2493,written,1
2494,prematurli,1
2495,collsion,1
2496,kind,1
2497,preland,1
2498,neglect,1
2499,upgrad,3
2500,own,1
2501,empennag,3
2502,2006,1
2503,untrain,1
2504,bystand,1
2505,py,1
2506,suddenli,2
2507,motorglid,1
2508,dispers,1
2509,zero,1
2510,bale,2
2511,doubler,1
2512,precaut,1
2513,intercomm,1
2514,exaust,1
2515,airfield,1
2516,anxieti,3
2517,lz,1
2518,diveret,1
2519,steel,1
2520,cold,1
2521,soak,1
2522,preload,2
2523,767,1
2524,n9044j,2
2525,tune,2
2526,38,2
2527,n91357,2
2528,floatplan,1
2529,commit,1
2530,function,1
2531,potabl,1
2532,floorboard,2
2533,stretch,1
2534,rubber,1
2535,calib,1
2536,alreadi,1
2537,bladder,1
2538,flang,1
2539,overrot,1
2540,8s,1
2541,urgenc,1
2542,keeper,1
2543,soybean,2
2544,stabilz,1
2545,discov,1
2546,buy,1
2547,independ,1
2548,loader,1
2549,illicit,1
2550,await,1
2551,tax,1
2552,airmen,1
2553,tarmac,1
2554,particular,1
2555,vast,1
2556,expans,2
2557,white,1
2558,bell,2
2559,crank,1
2560,benedryl,1
2561,complex,1
2562,pf,1
2563,shorter,1
2564,rather,6
2565,swivel,2
2566,similar,1
2567,alloy,1
2568,propens,1
2569,togeth,1
2570,n95915,1
2571,n5937w,1
2572,compenst,1
2573,dead,1
2574,score,1
2575,numer,1
2576,carburet,1
2577,hill,1
2578,thoma,1
2579,gliderport,1
2580,estim,1
2581,galley,1
2582,heater,1
2583,mat,1
2584,thermostat,2
2585,region,1
2586,travers,1
2587,sar,2
2588,406,1
2589,mhz,1
2590,elt,1
2591,valid,1
2592,soil,1
2593,phraseolog,1
2594,optimum,1
2595,contributori,1
2596,regulatori,2
2597,backup,1
2598,believ,1
2599,nexrad,1
2600,aboard,1
2601,door,2
2602,preform,1
2603,carri,1
2604,lmlg,2
2605,pothol,1
2606,n136at,1
2607,n3110r,1
2608,inhibit,1
2609,riser,1
2610,doubl,1
2611,maker,1
2612,creek,1
2613,bed,1
2614,painkil,1
2615,nonapprov,1
2616,overserv,1
2617,nitrogen,1
2618,gave,1
2619,sensat,1
2620,overpow,1
2621,sprinkler,1
2622,pilo,1
2623,ts,1
2624,supervisiion,1
2625,rotari,1
2626,dh,1
2627,plt,1
2628,vortic,1
2629,unoccupi,2
2630,intercool,1
2631,rotorcraft,2
2632,fixtur,1
2633,sheav,1
2634,preflt,1
2635,insuffic,1
2636,crj,1
2637,j1,1
2638,j4,1
2639,pane,1
2640,nonvent,1
2641,cast,1
2642,stepper,1
2643,rack,1
2644,gov,1
2645,meter,1
2646,12,1
2647,210,1
2648,aim,1
2649,23,1
2650,reflector,1
2651,nosegear,1
2652,nacel,1
2653,diagnos,1
2654,sole,2
2655,let,1
2656,nosewheel,1
2657,elbow,1
2658,signpost,1
2659,que,2
2660,track,2
2661,eng,2
2662,phoenix,1
2663,geardriv,1
2664,moutain,1
2665,trunion,1
2666,lavatori,1
2667,april18,1
2668,new,2
2669,inch,1
2670,inadvertend,1
2671,overdeflect,1
2672,underinfl,1
2673,stack,1
2674,aftermarket,1
2675,kv,1
2676,unus,2
2677,conditon,1
2678,lc,1
2679,institut,2
2680,grape,1
2681,vineyard,1
2682,puget,1
2683,sound,1
2684,version,1
2685,seven,1
2686,spectat,1
2687,unstabl,1
2688,seatbelt,1
2689,n60bh,1
2690,n11498,1
2691,n60hb,1
2692,deliber,1
2693,ideal,1
2694,voltag,1
2695,accuraci,1
2696,radial,1
2697,cloudi,1
2698,presum,2
2699,neck,1
2700,unnecessari,2
2701,a300,1
2702,600,1
2703,element,1
2704,advanc,1
2705,bridg,2
2706,assign,1
2707,adves,1
2708,nippl,1
2709,thin,1
2710,weak,1
2711,dissimilar,2
2712,particip,1
2713,encout,1
2714,layer,1
2715,mandatori,1
2716,questair,1
2717,ergonom,1
2718,size,1
2719,divers,1
2720,introduct,1
2721,ethanol,1
2722,slosh,1
2723,compound,2
2724,incompat,1
2725,gass,1
2726,volcano,1
2727,detach,1
2728,206b,1
2729,2a,2
2730,rrom,1
2731,crewman,1
2732,150m,1
2733,150k,1
2734,took,1
2735,preoccup,1
2736,global,1
2737,understood,1
2738,softwar,1
2739,digit,1
2740,fadec,2
2741,logic,1
2742,valu,1
2743,reservoir,1
2744,mow,1
2745,npt,1
2746,excecut,1
2747,typograph,1
2748,n349ma,1
2749,car,1
2750,shorelin,1
2751,destroy,1
2752,muffler,2
2753,unseat,1
2754,extent,1
2755,lockplat,1
2756,lie,2
2757,aero,1
2758,continent,1
2759,122,1
2760,spindl,2
2761,draw,1
2762,cool,1
2763,emeg,1
2764,patial,1
2765,leader,1
2766,altidud,1
2767,flywheel,1
2768,wildlif,2
2769,modul,2
2770,oleo,1
2771,chose,1
2772,172p,2
2773,28rt,1
2774,201,1
2775,azimuth,1
2776,soon,1
2777,aforement,1
2778,port,1
2779,172r,1
2780,interv,1
2781,sb,2
2782,mandat,1
2783,falter,2
2784,hesit,1
2785,intrus,1
2786,subsquent,1
2787,malibu,1
2788,inact,1
2789,cluster,1
2790,runup,1
2791,daytim,1
2792,color,1
2793,differenti,1
2794,describ,1
2795,cultiv,1
2796,club,1
2797,stray,1
2798,exced,1
2799,weigh,1
2800,moment,1
2801,interst,1
2802,wander,1
2803,airbrak,1
2804,brockway,1
2805,993,1
2806,icaru,1
2807,60,1
2808,sick,1
2809,wasteg,1
2810,butterfli,1
2811,absolut,1
2812,remanufactur,1
2813,depend,1
2814,common,1
